"A1_obs","A2_obs"
1.02741916894293,-0.0513048696542235
0.818762591082327,0.623846373788169
0.380861383064513,0.96849155818536
-0.180369745128203,0.990607791477752
-0.633193837277924,0.594973083920456
-0.798302007742536,-0.0506359503980699
-0.647103496641969,-0.692603771747457
-0.177778090486544,-1.03792404926118
0.39337923249508,-1.04265921754115
0.827076604844782,-0.714954640298894
